{"cameraMode":{"drawMode":0,"name":"Shaded","section":"Shading Mode"},"sceneLighting":false,"audioPlay":false,"sceneViewState":{"m_AlwaysRefresh":true,"showFog":true,"showSkybox":true,"showFlares":true,"showImageEffects":true,"showParticleSystems":true,"showVisualEffectGraphs":true,"m_FxEnabled":true},"in2DMode":false,"pivot":{"x":476.77874755859377,"y":27.2987003326416,"z":0.7592895030975342},"rotation":{"x":0.2283398061990738,"y":-0.13012105226516725,"z":0.030861372128129007,"w":0.9643821120262146},"size":990.5775146484375,"orthographic":false}