{"cameraMode":{"drawMode":0,"name":"Shaded","section":"Shading Mode"},"sceneLighting":false,"audioPlay":false,"sceneViewState":{"m_AlwaysRefresh":true,"showFog":true,"showSkybox":false,"showFlares":true,"showImageEffects":true,"showParticleSystems":true,"showVisualEffectGraphs":true,"m_FxEnabled":true},"in2DMode":false,"pivot":{"x":-0.03406462073326111,"y":0.229528546333313,"z":-0.0031604766845703127},"rotation":{"x":0.018894633278250696,"y":-0.016497598960995675,"z":0.00032337839365936816,"w":0.9996992349624634},"size":1.1450836658477784,"orthographic":false}