{"cameraMode":{"drawMode":0,"name":"Shaded","section":"Shading Mode"},"sceneLighting":false,"audioPlay":false,"sceneViewState":{"m_AlwaysRefresh":false,"showFog":false,"showSkybox":false,"showFlares":false,"showImageEffects":false,"showParticleSystems":false,"showVisualEffectGraphs":true,"m_FxEnabled":true},"in2DMode":false,"pivot":{"x":1.1920928955078126e-7,"y":0.9541255235671997,"z":-0.025883108377456666},"rotation":{"x":-0.001820687553845346,"y":-0.9980706572532654,"z":0.050945255905389789,"w":-0.03564947098493576},"size":1.5213488340377808,"orthographic":false}