{"cameraMode":{"drawMode":0,"name":"Shaded","section":"Shading Mode"},"sceneLighting":false,"audioPlay":false,"sceneViewState":{"m_AlwaysRefresh":true,"showFog":true,"showSkybox":false,"showFlares":true,"showImageEffects":true,"showParticleSystems":true,"showVisualEffectGraphs":true,"m_FxEnabled":true},"in2DMode":false,"pivot":{"x":-0.008837460540235043,"y":-0.0820804238319397,"z":-0.0015107267536222935},"rotation":{"x":-0.007337695918977261,"y":-0.9891325831413269,"z":0.052866674959659579,"w":-0.13707521557807923},"size":1.4206655025482178,"orthographic":false}