{"cameraMode":{"drawMode":0,"name":"Shaded","section":"Shading Mode"},"sceneLighting":false,"audioPlay":false,"sceneViewState":{"m_AlwaysRefresh":false,"showFog":false,"showSkybox":false,"showFlares":false,"showImageEffects":false,"showParticleSystems":false,"showVisualEffectGraphs":true,"m_FxEnabled":true},"in2DMode":false,"pivot":{"x":0.2288656383752823,"y":0.14800888299942017,"z":-0.10307982563972473},"rotation":{"x":-0.00009462679008720443,"y":0.9994922876358032,"z":0.00299861840903759,"w":0.03179037943482399},"size":1.800726056098938,"orthographic":false}