{"cameraMode":{"drawMode":0,"name":"Shaded","section":"Shading Mode"},"sceneLighting":false,"audioPlay":false,"sceneViewState":{"m_AlwaysRefresh":true,"showFog":true,"showSkybox":false,"showFlares":true,"showImageEffects":true,"showParticleSystems":true,"showVisualEffectGraphs":true,"m_FxEnabled":true},"in2DMode":false,"pivot":{"x":183.07479858398438,"y":1087.9569091796875,"z":-8.32160472869873},"rotation":{"x":0.011983253061771393,"y":0.05247212201356888,"z":-0.0006296870415098965,"w":0.9985515475273132},"size":212.8345184326172,"orthographic":false}