{"cameraMode":{"drawMode":0,"name":"Shaded","section":"Shading Mode"},"sceneLighting":false,"audioPlay":false,"sceneViewState":{"m_AlwaysRefresh":true,"showFog":true,"showSkybox":false,"showFlares":true,"showImageEffects":true,"showParticleSystems":true,"showVisualEffectGraphs":true,"m_FxEnabled":true},"in2DMode":false,"pivot":{"x":-0.011613726615905762,"y":2.0722436904907228,"z":0.0011421442031860352},"rotation":{"x":0.018894633278250696,"y":-0.016497598960995675,"z":0.00032337839365936816,"w":0.9996992349624634},"size":2.6609058380126955,"orthographic":false}