{"cameraMode":{"drawMode":0,"name":"Shaded","section":"Shading Mode"},"sceneLighting":false,"audioPlay":false,"sceneViewState":{"m_AlwaysRefresh":true,"showFog":true,"showSkybox":false,"showFlares":true,"showImageEffects":true,"showParticleSystems":true,"showVisualEffectGraphs":true,"m_FxEnabled":true},"in2DMode":false,"pivot":{"x":159.75180053710938,"y":19.32733917236328,"z":-208.44537353515626},"rotation":{"x":-0.0007839066092856228,"y":-0.9949244260787964,"z":0.00745754549279809,"w":-0.10066184401512146},"size":1.6046959161758423,"orthographic":false}