{"cameraMode":{"drawMode":0,"name":"Shaded","section":"Shading Mode"},"sceneLighting":false,"audioPlay":false,"sceneViewState":{"m_AlwaysRefresh":true,"showFog":true,"showSkybox":false,"showFlares":true,"showImageEffects":true,"showParticleSystems":true,"showVisualEffectGraphs":true,"m_FxEnabled":true},"in2DMode":false,"pivot":{"x":46.01106262207031,"y":28.332508087158204,"z":-0.36172041296958926},"rotation":{"x":0.020394133403897287,"y":0.016495276242494584,"z":-0.0003383068251423538,"w":0.9996651411056519},"size":515.4129028320313,"orthographic":false}