{"cameraMode":{"drawMode":0,"name":"Shaded","section":"Shading Mode"},"sceneLighting":false,"audioPlay":false,"sceneViewState":{"m_AlwaysRefresh":true,"showFog":true,"showSkybox":false,"showFlares":true,"showImageEffects":true,"showParticleSystems":true,"showVisualEffectGraphs":true,"m_FxEnabled":true},"in2DMode":false,"pivot":{"x":4.523849964141846,"y":2.1834957599639894,"z":6.962188720703125},"rotation":{"x":-0.02230064570903778,"y":-0.9203971028327942,"z":-0.053075771778821948,"w":0.38674870133399966},"size":0.6115977764129639,"orthographic":false}