{"cameraMode":{"drawMode":0,"name":"Shaded","section":"Shading Mode"},"sceneLighting":false,"audioPlay":false,"sceneViewState":{"m_AlwaysRefresh":true,"showFog":true,"showSkybox":false,"showFlares":true,"showImageEffects":true,"showParticleSystems":true,"showVisualEffectGraphs":true,"m_FxEnabled":true},"in2DMode":false,"pivot":{"x":83.44025421142578,"y":-87.77948760986328,"z":0.5506073832511902},"rotation":{"x":-0.0335967130959034,"y":0.008665414527058602,"z":0.00023652253730688244,"w":0.9994524717330933},"size":552.7442016601563,"orthographic":false}